{"initial_reset_timestamp": 1593828724.861966, "timestamps": [1593828795.1588964], "episode_lengths": [1635], "episode_rewards": [21.0], "episode_types": ["t"]}